peptide,target,kd_nM,error_nM,page
3.1A,BRD2-BD1,10000.0,,2
3.1A,BRD2-BD2,9200.0,25000.0,2
3.1A,BRD3-BD1,260.0,120.0,2
3.1A,BRD3-BD2,10000.0,,2
3.1A,BRD4-BD1,110.0,30.0,2
3.1A,BRD4-BD2,340.0,350.0,2
3.1B,BRD2-BD1,270.0,160.0,2
3.1B,BRD2-BD2,2000.0,,3
3.1B,BRD3-BD1,490.0,630.0,2
3.1B,BRD3-BD2,13.0,12.0,2
3.1B,BRD4-BD1,550.0,330.0,2
3.1B,BRD4-BD2,2000.0,,3
3.1C,BRD2-BD1,190.0,40.0,2
3.1C,BRD2-BD2,2000.0,,4
3.1C,BRD3-BD1,80.0,49.0,2
3.1C,BRD3-BD2,3100.0,,11
3.1C,BRD4-BD1,350.0,100.0,2
3.1C,BRD4-BD2,6000.0,,11
3.2A,BRD2-BD1,22.0,20.0,7
3.2A,BRD2-BD2,41.0,45.0,7
3.2A,BRD3-BD1,10000.0,,7
3.2A,BRD3-BD2,10000.0,,7
3.2A,BRD4-BD1,8900.0,20000.0,7
3.2A,BRD4-BD2,31.0,16.0,7
3.2B,BRD2-BD1,1000.0,,7
3.2B,BRD2-BD2,87.0,50.0,7
3.2B,BRD3-BD1,32.0,30.0,7
3.2B,BRD3-BD2,14.0,8.3,7
3.2B,BRD4-BD1,22.0,8.0,7
3.2B,BRD4-BD2,14.0,10.0,7
3.2C,BRD2-BD1,6000.0,,7
3.2C,BRD3-BD2,25.0,11.0,7
3.2C,BRD4-BD1,3200.0,,7
3.2C,BRD4-BD2,2000.0,,7
4.2A,BRD2-BD1,2000.0,,8
4.2A,BRD2-BD2,110.0,100.0,8
4.2A,BRD3-BD1,3200.0,1300.0,8
4.2A,BRD3-BD2,200.0,11.0,8
4.2A,BRD4-BD1,4200.0,,8
4.2A,BRD4-BD2,27.0,12.0,8
4.2B,BRD2-BD1,1000.0,,8
4.2B,BRD2-BD2,2700.0,6000.0,8
4.2B,BRD3-BD2,16.0,11.0,8
4.2B,BRD4-BD1,4000.0,,8
4.2B,BRD4-BD2,1100.0,40.0,8
4.2C,BRD2-BD1,4000.0,,8
4.2C,BRD2-BD2,22.0,26.0,8
4.2C,BRD3-BD2,110.0,116.0,8
4.2C,BRD4-BD1,1000.0,,8
4.2C,BRD4-BD2,36.0,35.0,8
